coid,status,n_inv,invoices,first_inv,last_inv,exp_item,act_item,item_dev,item_dev_pct,exp_ship,act_ship,ship_dev,ship_dev_pct,tot_dev,credited,net_dev
47QDCC26M1YHL,outstanding,2,276C8VQ BKV2CH2,2026-01-14,2026-01-23,1001.07,1048.74,47.67,4.8,50.06,387.79,337.73,674.7,385.4,47.67,337.73
112-6132605-1555429,outstanding,1,BK67PCZ,2026-09-01,2026-09-01,0.0,228.88,228.88,,0.0,69.0,69.0,,297.88,0,297.88
47QDCC26M1NBP,outstanding,3,01K8H2L 01K9722 BKVLPC4,2026-01-06,2026-01-22,591.5,887.25,295.75,50.0,71.94,71.94,0.0,0.0,295.75,59.15,236.6
113-5980711-1053807,outstanding,1,63CV3ZB,2026-07-07,2026-07-07,0.0,267.12,267.12,,0.0,26.01,26.01,,293.13,0,293.13
112-4863047-2274643,outstanding,2,47ZFQKD BK263B2,2026-05-05,2026-05-06,337.44,590.52,253.08,75.0,49.52,86.66,37.14,75.0,290.22,253.08,37.14
112-0962335-1549018,outstanding,1,BK6734K,2026-09-02,2026-09-02,0.0,247.68,247.68,,0.0,8.4,8.4,,256.08,0,256.08
113-0917836-0854615,outstanding,1,BKZS77W,2026-04-02,2026-04-02,427.17,427.17,0.0,0.0,115.2,330.0,214.8,186.5,214.8,0,214.8
113-1334004-7246641,outstanding,3,64B7HF9 64B7HG2 64B7HGH,2026-01-14,2026-01-15,79.36,245.58,166.22,209.5,14.36,35.58,21.22,147.8,187.44,0,187.44
47QDCC26M1VBM,outstanding,2,276C647 BKWJPXD,2026-01-23,2026-01-27,633.54,633.12,-0.42,-0.1,87.28,260.64,173.36,198.6,172.94,0,172.94
111-0617256-1953842,outstanding,2,68CH6DB 68CH6FG,2026-02-03,2026-02-04,155.04,310.08,155.04,100.0,11.86,23.72,11.86,100.0,166.9,155.04,11.86
113-7091609-6373818,outstanding,3,64B74YN 64B74ZH 64B74ZY,2026-02-02,2026-02-03,67.67,203.01,135.34,200.0,11.86,35.58,23.72,200.0,159.06,0,159.06
114-1827215-0901849,outstanding,1,51ZVTY6,2026-08-10,2026-08-10,425.84,425.84,0.0,0.0,0.0,158.84,158.84,,158.84,0,158.84
113-0590116-1217013,outstanding,2,276Q6R2 BKYL37K,2026-03-05,2026-03-18,131.96,263.92,131.96,100.0,23.86,47.72,23.86,100.0,155.82,23.86,131.96
112-3170070-4400235,outstanding,1,BK666GF,2026-08-31,2026-08-31,0.0,136.68,136.68,,0.0,14.38,14.38,,151.06,0,151.06
111-7213597-5261833,outstanding,1,BKWWJT5,2026-01-29,2026-01-29,225.28,238.64,13.36,5.9,55.42,192.0,136.58,246.4,149.94,0,149.94
113-1731418-0047421,outstanding,3,34K82P5 34K82P6 34K82PZ,2026-01-14,2026-01-14,78.35,235.05,156.7,200.0,9.0,0.0,-9.0,-100.0,147.7,0,147.7
113-5252420-4847431,outstanding,1,BK6742G,2026-09-02,2026-09-02,0.0,137.44,137.44,,0.0,8.4,8.4,,145.84,0,145.84
112-3479007-9216254,outstanding,2,63CRYW3 97BYWPK,2026-01-13,2026-01-15,126.02,257.04,131.02,104.0,14.36,23.72,9.36,65.2,140.38,0,140.38
112-5566465-8185004,outstanding,2,64B7HFY 64B7HG6,2026-01-14,2026-01-15,126.02,257.04,131.02,104.0,14.36,23.72,9.36,65.2,140.38,0,140.38
114-7256957-7242629,outstanding,10,25STPRN BK3K7KH BK3K7KJ BK3K7KK BK3K7KL BK3K7KN BK3K7KP BK3K7KQ BK3K7KR BK3K7KS,2026-05-12,2026-05-15,642.96,642.96,0.0,0.0,49.88,190.0,140.12,280.9,140.12,0,140.12
111-7093543-5480219,outstanding,1,07CKNNW,2026-05-06,2026-05-06,42.74,42.44,-0.3,-0.7,10.0,142.53,132.53,1325.3,132.23,0,132.23
114-9410897-5304268,outstanding,2,68CH3RV 97BZGYP,2026-02-02,2026-02-06,119.63,239.26,119.63,100.0,11.86,23.72,11.86,100.0,131.49,119.63,11.86
114-7788927-2187408,outstanding,4,63CT2KS BK2GQH8 BK2GQH9 BK2GQJB,2026-04-16,2026-04-23,169.2,270.72,101.52,60.0,10.6,38.4,27.8,262.3,129.32,119.92,9.4
113-2236594-3605851,outstanding,2,82CRP2S 82CRP3L,2026-01-13,2026-01-14,122.84,245.68,122.84,100.0,0.0,0.0,0.0,,122.84,0,122.84
113-0274882-1840236,outstanding,1,BKWX4ZL,2026-01-30,2026-01-30,281.6,229.3,-52.3,-18.6,69.27,240.0,170.73,246.5,118.43,0,118.43
114-9216825-9982602,outstanding,2,07BNV7Z BKV8ZVF,2026-01-19,2026-01-30,44.66,143.44,98.78,221.2,16.97,35.28,18.31,107.9,117.09,91.64,25.45
113-6039970-1760210,outstanding,1,BKV85CC,2026-01-19,2026-01-19,124.59,209.91,85.32,68.5,30.65,51.64,20.99,68.5,106.31,0,106.31
112-6973479-0219409,outstanding,1,BK3BBXZ,2026-05-06,2026-05-06,42.74,42.44,-0.3,-0.7,10.0,115.7,105.7,1057.0,105.4,0,105.4
112-7483481-7043400,outstanding,2,85CBK68 BKWDQYQ,2026-01-22,2026-01-29,668.75,754.35,85.6,12.8,15.78,27.64,11.86,75.2,97.46,85.6,11.86
CBS2327,outstanding,2,01LB525 BKV54ZH,2026-01-16,2026-01-27,69.89,147.1,77.21,110.5,17.19,36.18,18.99,110.5,96.2,91.64,4.56
114-6734742-3202659,outstanding,1,BK66K9Q,2026-08-28,2026-08-28,0.0,77.94,77.94,,0.0,12.67,12.67,,90.61,0,90.61
112-4396591-5197051,outstanding,2,07DD66N BK6KZHZ,2026-08-04,2026-08-25,155.88,233.82,77.94,50.0,31.69,44.35,12.66,39.9,90.6,77.94,12.66
111-7598252-7599408,outstanding,2,276N8NB BKX8QLV,2026-02-25,2026-03-09,73.55,147.1,73.55,100.0,13.74,27.48,13.74,100.0,87.29,13.74,73.55
113-8372129-0014661,outstanding,1,BK675LB,2026-09-02,2026-09-02,0.0,75.14,75.14,,0.0,10.0,10.0,,85.14,0,85.14
112-0203616-2988240,outstanding,1,BK67YQB,2026-09-02,2026-09-02,0.0,76.24,76.24,,0.0,8.4,8.4,,84.64,0,84.64
112-7573670-8304255,outstanding,1,BKW34ZJ,2026-02-02,2026-02-02,107.36,119.32,11.96,11.1,26.44,96.0,69.56,263.1,81.52,0,81.52
113-1280963-7845830,outstanding,2,07CBP37 BKZPQFC,2026-04-01,2026-04-10,66.78,133.56,66.78,100.0,11.86,21.86,10.0,84.3,76.78,11.86,64.92
114-9090515-2626653,outstanding,3,88BYWZY BKVZ9PX BKWQK3T,2026-01-13,2026-01-26,74.52,149.9,75.38,101.2,23.76,23.72,-0.04,-0.2,75.34,0,75.34
111-4314379-9449869,outstanding,2,07DDNKT BK6WNZ8,2026-08-13,2026-08-19,53.56,107.12,53.56,100.0,21.72,43.44,21.72,100.0,75.28,53.56,21.72
114-3925738-2281023,outstanding,1,BKWXPYD,2026-01-30,2026-01-30,112.64,119.32,6.68,5.9,27.71,96.0,68.29,246.4,74.97,0,74.97
113-8266640-5764222,outstanding,1,BK67QKK,2026-09-01,2026-09-01,0.0,65.88,65.88,,0.0,8.4,8.4,,74.28,0,74.28
114-3962624-9260253,outstanding,4,72CY7LF 83B2TN6 83B2TPD BKV3WYB,2026-01-14,2026-01-15,406.25,468.0,61.75,15.2,37.5,47.44,9.94,26.5,71.69,0,71.69
113-4460163-1889805,outstanding,1,BKWNF97,2026-01-26,2026-01-26,83.06,139.94,56.88,68.5,20.43,34.43,14.0,68.5,70.88,0,70.88
113-6676519-4985069,outstanding,1,BK6749C,2026-09-02,2026-09-02,0.0,62.1,62.1,,0.0,8.4,8.4,,70.5,0,70.5
47QDCC26M771F,outstanding,2,73BZRVG 73BZRVH,2026-05-11,2026-05-11,597.12,597.12,0.0,0.0,18.4,88.2,69.8,379.3,69.8,0,69.8
114-9386693-1116216,paid,1,BKW73BK,2026-02-04,2026-02-04,107.36,107.36,0.0,0.0,26.4,96.0,69.6,263.6,69.6,0,69.6
113-3767684-0431419,outstanding,1,BK4WN67,2026-06-15,2026-06-15,218.03,283.54,65.51,30.0,10.0,10.0,0.0,0.0,65.51,0,65.51
111-6326302-1519463,outstanding,1,BK67PKL,2026-09-01,2026-09-01,0.0,55.74,55.74,,0.0,8.4,8.4,,64.14,0,64.14
113-6546107-8859442,outstanding,1,BK68RPV,2026-09-03,2026-09-03,0.0,55.74,55.74,,0.0,8.4,8.4,,64.14,0,64.14
114-2531206-9813836,outstanding,1,BK3J9H7,2026-05-12,2026-05-12,21.37,21.37,0.0,0.0,8.4,71.27,62.87,748.5,62.87,0,62.87
114-5924850-5261014,outstanding,1,74CPF35,2026-06-19,2026-06-19,60.13,120.26,60.13,100.0,8.4,10.0,1.6,19.0,61.73,0,61.73
113-6781154-1467467,outstanding,1,BK67TC6,2026-09-02,2026-09-02,0.0,48.99,48.99,,0.0,8.4,8.4,,57.39,0,57.39
111-2387333-5197832,outstanding,1,BK675XV,2026-09-03,2026-09-03,0.0,48.99,48.99,,0.0,8.4,8.4,,57.39,0,57.39
112-7098897-1823431,outstanding,2,07CR6KF BK3X9YT,2026-05-20,2026-05-27,211.98,247.31,35.33,16.7,15.07,37.1,22.03,146.2,57.36,35.33,22.03
114-4232879-0706609,outstanding,1,BK676C6,2026-09-02,2026-09-02,0.0,47.28,47.28,,0.0,8.4,8.4,,55.68,0,55.68
113-7378679-2468247,outstanding,3,07DFTL9 51ZWBDS BK668ZQ,2026-08-31,2026-09-01,55.49,101.55,46.06,83.0,16.8,25.2,8.4,50.0,54.46,0,54.46
111-3495215-6165818,outstanding,3,51ZPF58 51ZPF68 51ZPF6S,2026-01-13,2026-01-14,15.3,45.9,30.6,200.0,11.86,35.58,23.72,200.0,54.32,0,54.32
111-9229008-1081009,outstanding,2,276K23R BKXKLL5,2026-02-10,2026-02-25,83.3,124.95,41.65,50.0,11.86,23.72,11.86,100.0,53.51,41.65,11.86
111-5263170-9127454,outstanding,1,BKW9VXP,2026-02-05,2026-02-05,158.8,158.8,0.0,0.0,87.04,139.52,52.48,60.3,52.48,0,52.48
47QDCC26MAF8B,outstanding,2,21XHP2T BK58P4B,2026-07-23,2026-07-28,0.0,33.3,33.3,,0.0,18.4,18.4,,51.7,0,51.7
113-0497517-5685018,outstanding,1,BK67P4Q,2026-09-01,2026-09-01,0.0,42.99,42.99,,0.0,8.4,8.4,,51.39,0,51.39
47QDCC26M2D5W,outstanding,1,BKWS4RL,2026-01-29,2026-01-29,84.28,84.28,0.0,0.0,18.0,68.26,50.26,279.2,50.26,0,50.26
111-5904798-8485845,outstanding,1,BK67PPV,2026-09-01,2026-09-01,0.0,40.8,40.8,,0.0,8.4,8.4,,49.2,0,49.2
112-9916174-8039424,outstanding,1,BK67PFD,2026-09-01,2026-09-01,0.0,40.8,40.8,,0.0,8.4,8.4,,49.2,0,49.2
112-3658640-4516221,outstanding,1,BK67L7Q,2026-09-01,2026-09-01,0.0,40.8,40.8,,0.0,8.4,8.4,,49.2,0,49.2
114-0143523-8708201,outstanding,1,BK68VXR,2026-09-04,2026-09-04,0.0,40.8,40.8,,0.0,8.4,8.4,,49.2,0,49.2
113-6508627-9973033,outstanding,1,BK67KN8,2026-09-01,2026-09-01,0.0,40.8,40.8,,0.0,8.4,8.4,,49.2,0,49.2
113-8027487-1699433,outstanding,2,01NDSLP BK3NSP9,2026-05-13,2026-06-01,39.06,78.12,39.06,100.0,10.0,20.0,10.0,100.0,49.06,39.06,10.0
114-2592547-3285058,outstanding,1,73BZSHK,2026-05-12,2026-05-12,47.52,95.04,47.52,100.0,10.0,11.38,1.38,13.8,48.9,0,48.9
113-4825785-7671408,outstanding,2,51ZTQV6 51ZTQW8,2026-07-02,2026-07-02,40.15,80.3,40.15,100.0,8.4,16.8,8.4,100.0,48.55,0,48.55
113-8391317-6542613,outstanding,2,07CX7KR BK4BBW3,2026-05-29,2026-06-17,79.44,119.16,39.72,50.0,10.0,18.4,8.4,84.0,48.12,0,48.12
113-4611326-4183400,outstanding,1,BK6562K,2026-08-27,2026-08-27,0.0,37.8,37.8,,0.0,10.0,10.0,,47.8,0,47.8
111-4398558-1107431,outstanding,1,BK672XJ,2026-09-02,2026-09-02,0.0,37.46,37.46,,0.0,8.4,8.4,,45.86,0,45.86
111-5567340-7533865,outstanding,1,BK675D2,2026-09-03,2026-09-03,0.0,37.16,37.16,,0.0,8.4,8.4,,45.56,0,45.56
112-9788462-2521017,outstanding,1,BK675PZ,2026-09-03,2026-09-03,0.0,37.16,37.16,,0.0,8.4,8.4,,45.56,0,45.56
112-1658117-2085034,outstanding,2,21W7CQ5 BK286VB,2026-05-06,2026-05-12,70.66,105.99,35.33,50.0,10.0,20.0,10.0,100.0,45.33,35.33,10.0
111-0118738-6598606,outstanding,1,BK67X4T,2026-09-03,2026-09-03,0.0,34.53,34.53,,0.0,8.4,8.4,,42.93,0,42.93
111-2422685-8217035,outstanding,1,BK675ZT,2026-09-02,2026-09-02,0.0,34.53,34.53,,0.0,8.4,8.4,,42.93,0,42.93
113-7618782-7297004,outstanding,1,BK673RB,2026-09-02,2026-09-02,0.0,34.53,34.53,,0.0,8.4,8.4,,42.93,0,42.93
113-5588318-7528205,outstanding,2,276XFZK BKZRJ97,2026-03-31,2026-04-16,341.7,375.87,34.17,10.0,54.6,63.0,8.4,15.4,42.57,34.17,8.4
111-4285601-3452224,outstanding,2,21W4QJW BK2GPRD,2026-04-16,2026-04-22,170.85,205.02,34.17,20.0,18.2,26.6,8.4,46.2,42.57,34.17,8.4
111-4036316-3894618,outstanding,2,277K87Z BK6R22V,2026-08-10,2026-08-14,68.34,102.51,34.17,50.0,10.0,18.4,8.4,84.0,42.57,39.17,3.4
111-6953005-1233007,outstanding,1,BK66NX6,2026-08-28,2026-08-28,0.0,34.17,34.17,,0.0,8.4,8.4,,42.57,0,42.57
113-3542800-6439451,outstanding,2,276VYGX BKZ2ST6,2026-04-07,2026-04-09,34.17,68.34,34.17,100.0,8.4,16.8,8.4,100.0,42.57,0,42.57
47QDCC26M19PQ,outstanding,3,98B72BP BKVPKYZ BKXSCBS,2026-01-07,2026-02-13,456.13,513.66,57.53,12.6,40.58,25.49,-15.09,-37.2,42.44,0,42.44
113-1574818-5205824,outstanding,1,BK67398,2026-09-02,2026-09-02,0.0,32.36,32.36,,0.0,8.4,8.4,,40.76,0,40.76
111-9753421-1378619,outstanding,1,BK676NS,2026-09-02,2026-09-02,0.0,32.36,32.36,,0.0,8.4,8.4,,40.76,0,40.76
112-4723507-6770609,outstanding,1,BK67KYS,2026-09-01,2026-09-01,0.0,32.36,32.36,,0.0,8.4,8.4,,40.76,0,40.76
114-0955555-9207413,outstanding,1,BK672VG,2026-09-02,2026-09-02,0.0,32.36,32.36,,0.0,8.4,8.4,,40.76,0,40.76
114-6894615-5733819,outstanding,1,BK674D6,2026-09-02,2026-09-02,0.0,32.36,32.36,,0.0,8.4,8.4,,40.76,0,40.76
111-8914708-1786665,outstanding,1,BK67KTV,2026-09-01,2026-09-01,0.0,31.52,31.52,,0.0,8.4,8.4,,39.92,0,39.92
111-7354121-4101844,outstanding,1,BK67PPZ,2026-09-01,2026-09-01,0.0,29.98,29.98,,0.0,8.4,8.4,,38.38,0,38.38
113-3634660-4232207,outstanding,1,20J3K2Z,2026-05-21,2026-05-21,265.96,265.96,0.0,0.0,8.4,46.54,38.14,454.0,38.14,0,38.14
111-6929346-0383448,outstanding,2,51ZS7XV 51ZSW47,2026-05-15,2026-06-04,30.44,57.8,27.36,89.9,10.0,20.0,10.0,100.0,37.36,30.44,6.92
114-4967093-0840213,outstanding,1,BK67X4X,2026-09-02,2026-09-02,0.0,28.66,28.66,,0.0,8.4,8.4,,37.06,0,37.06
112-1186086-2619420,outstanding,1,BK67LKR,2026-09-01,2026-09-01,0.0,26.76,26.76,,0.0,10.0,10.0,,36.76,0,36.76
112-7919816-3499440,outstanding,1,01NWKN5,2026-08-10,2026-08-10,12.24,48.96,36.72,300.0,8.4,8.4,0.0,0.0,36.72,0,36.72
113-9341115-6489837,outstanding,2,64B9X5D 68CK9BT,2026-05-01,2026-05-01,347.6,344.4,-3.2,-0.9,20.8,60.28,39.48,189.8,36.28,0,36.28
114-7874475-6233824,outstanding,1,BK68LHB,2026-09-03,2026-09-03,0.0,27.05,27.05,,0.0,8.4,8.4,,35.45,0,35.45
113-6403537-6823418,outstanding,1,07DCF2G,2026-08-11,2026-08-11,37.46,70.66,33.2,88.6,8.4,10.0,1.6,19.0,34.8,0,34.8
112-0285626-6042656,outstanding,2,51ZRFXY BKYVX93,2026-03-10,2026-03-16,229.2,252.12,22.92,10.0,11.86,23.72,11.86,100.0,34.78,22.92,11.86
112-2461379-7237067,outstanding,1,BK67VPD,2026-09-03,2026-09-03,0.0,26.38,26.38,,0.0,8.4,8.4,,34.78,0,34.78
112-3768855-7604229,outstanding,1,BK674Q5,2026-09-02,2026-09-02,0.0,24.68,24.68,,0.0,8.4,8.4,,33.08,0,33.08
114-3589145-5609813,outstanding,1,BK67LBT,2026-09-01,2026-09-01,0.0,24.68,24.68,,0.0,8.4,8.4,,33.08,0,33.08
111-4825922-8815451,outstanding,2,07CV592 07CVVKB,2026-06-08,2026-06-08,32.57,65.14,32.57,100.0,10.0,10.0,0.0,0.0,32.57,0,32.57
114-6777774-1667418,outstanding,1,85CC4VD,2026-05-21,2026-05-21,6.5,39.0,32.5,500.0,8.4,8.4,0.0,0.0,32.5,0,32.5
113-6387780-9019410,outstanding,1,BKVPW2P,2026-01-07,2026-01-07,182.55,182.55,0.0,0.0,20.63,52.84,32.21,156.1,32.21,0,32.21
111-0326892-5203428,outstanding,2,20J3GPD BK3K9JG,2026-05-12,2026-05-12,123.45,123.45,0.0,0.0,8.4,40.0,31.6,376.2,31.6,0,31.6
111-9598307-2553866,outstanding,1,BKVJK8F,2026-01-06,2026-01-06,37.41,37.41,0.0,0.0,17.53,48.05,30.52,174.1,30.52,0,30.52
111-4068584-1580210,outstanding,2,21W7H8D BK3NFRN,2026-05-13,2026-05-13,135.36,135.36,0.0,0.0,10.0,40.0,30.0,300.0,30.0,0,30.0
114-5382791-7529008,outstanding,2,88BZRL7 BK3G9C8,2026-05-11,2026-05-12,76.3,76.3,0.0,0.0,10.0,40.0,30.0,300.0,30.0,0,30.0
112-3468501-7869850,outstanding,2,BK29X5H BK29X5K,2026-05-05,2026-05-05,135.36,135.36,0.0,0.0,10.0,40.0,30.0,300.0,30.0,0,30.0
112-8094719-8459456,outstanding,2,71CN8WW BK3K7VL,2026-05-12,2026-05-12,105.99,105.99,0.0,0.0,10.0,40.0,30.0,300.0,30.0,0,30.0
113-8811380-7721813,outstanding,2,BK27S9T BK27S9W,2026-05-04,2026-05-04,141.32,141.32,0.0,0.0,10.05,40.0,29.95,298.0,29.95,0,29.95
112-4390055-9632213,outstanding,1,47ZWHP7,2026-08-25,2026-08-25,27.25,54.5,27.25,100.0,8.4,10.0,1.6,19.0,28.85,0,28.85
114-5751062-0352235,outstanding,1,BKWNC3J,2026-01-27,2026-01-27,41.53,69.97,28.44,68.5,16.97,17.21,0.24,1.4,28.68,0,28.68
111-6344633-4733857,outstanding,1,BKWNF4J,2026-01-26,2026-01-26,41.53,69.97,28.44,68.5,16.97,17.21,0.24,1.4,28.68,0,28.68
113-9861632-4601027,outstanding,1,BKWNC3K,2026-01-26,2026-01-26,41.53,69.97,28.44,68.5,16.97,17.21,0.24,1.4,28.68,0,28.68
113-1602630-4653858,outstanding,2,64B8NS9 BKXNXBD,2026-02-12,2026-02-25,32.34,48.51,16.17,50.0,11.86,23.72,11.86,100.0,28.03,16.17,11.86
112-0441144-6086612,outstanding,1,07CF8NL,2026-04-22,2026-04-22,2.87,28.7,25.83,900.0,8.4,10.0,1.6,19.0,27.43,0,27.43
114-2292636-5400234,outstanding,1,BK68GXB,2026-09-03,2026-09-03,0.0,18.73,18.73,,0.0,8.4,8.4,,27.13,0,27.13
111-0895231-8133063,outstanding,1,BK67RC5,2026-09-01,2026-09-01,0.0,18.73,18.73,,0.0,8.4,8.4,,27.13,0,27.13
111-1744028-9946605,outstanding,1,BK67VPF,2026-09-02,2026-09-02,0.0,18.73,18.73,,0.0,8.4,8.4,,27.13,0,27.13
112-9392124-8481036,outstanding,1,BK67RT9,2026-09-02,2026-09-02,0.0,18.73,18.73,,0.0,8.4,8.4,,27.13,0,27.13
113-0023144-1454600,outstanding,1,BK67PDN,2026-09-01,2026-09-01,0.0,18.58,18.58,,0.0,8.4,8.4,,26.98,0,26.98
113-3638150-6338647,outstanding,1,BK67X4W,2026-09-03,2026-09-03,0.0,18.58,18.58,,0.0,8.4,8.4,,26.98,0,26.98
112-2303437-5957003,outstanding,1,BK67QFS,2026-09-01,2026-09-01,0.0,18.58,18.58,,0.0,8.4,8.4,,26.98,0,26.98
111-9269424-8890649,outstanding,1,BK68G8S,2026-09-03,2026-09-03,0.0,18.58,18.58,,0.0,8.4,8.4,,26.98,0,26.98
111-8590081-5688203,outstanding,1,BK674T3,2026-09-03,2026-09-03,0.0,18.58,18.58,,0.0,8.4,8.4,,26.98,0,26.98
111-7500232-8517829,outstanding,1,BK67RXV,2026-09-01,2026-09-01,0.0,18.58,18.58,,0.0,8.4,8.4,,26.98,0,26.98
112-1989979-8197858,outstanding,1,BK672TF,2026-09-03,2026-09-03,0.0,18.58,18.58,,0.0,8.4,8.4,,26.98,0,26.98
111-0349513-8329038,outstanding,1,BK676C7,2026-09-03,2026-09-03,0.0,18.58,18.58,,0.0,8.4,8.4,,26.98,0,26.98
111-3268655-4420247,outstanding,1,BK67NPR,2026-09-01,2026-09-01,0.0,18.58,18.58,,0.0,8.4,8.4,,26.98,0,26.98
112-7002485-8147442,outstanding,1,BK67QJQ,2026-09-01,2026-09-01,0.0,18.58,18.58,,0.0,8.4,8.4,,26.98,0,26.98
114-0639515-7397849,outstanding,1,BK67NHR,2026-09-01,2026-09-01,0.0,18.58,18.58,,0.0,8.4,8.4,,26.98,0,26.98
113-2177708-1217864,outstanding,1,BK6773G,2026-09-03,2026-09-03,0.0,18.58,18.58,,0.0,8.4,8.4,,26.98,0,26.98
111-8406699-0965068,outstanding,1,BK672P5,2026-09-03,2026-09-03,0.0,18.58,18.58,,0.0,8.4,8.4,,26.98,0,26.98
113-6554181-7712260,outstanding,1,BK67L7L,2026-09-01,2026-09-01,0.0,18.58,18.58,,0.0,8.4,8.4,,26.98,0,26.98
114-0950795-2951406,outstanding,1,BK6722T,2026-09-03,2026-09-03,0.0,18.58,18.58,,0.0,8.4,8.4,,26.98,0,26.98
111-6903649-4915408,outstanding,1,BK67399,2026-09-03,2026-09-03,0.0,18.58,18.58,,0.0,8.4,8.4,,26.98,0,26.98
113-5398314-1741851,outstanding,1,BK67X4V,2026-09-03,2026-09-03,0.0,18.58,18.58,,0.0,8.4,8.4,,26.98,0,26.98
111-9340314-2819454,outstanding,1,BK672SL,2026-09-03,2026-09-03,0.0,18.58,18.58,,0.0,8.4,8.4,,26.98,0,26.98
114-1057800-6548208,outstanding,1,BK67KYZ,2026-09-01,2026-09-01,0.0,18.58,18.58,,0.0,8.4,8.4,,26.98,0,26.98
114-9701541-1564201,outstanding,1,BK67NXZ,2026-09-01,2026-09-01,0.0,18.58,18.58,,0.0,8.4,8.4,,26.98,0,26.98
113-9584518-5036269,outstanding,1,BK67NN2,2026-09-01,2026-09-01,0.0,18.58,18.58,,0.0,8.4,8.4,,26.98,0,26.98
113-1757084-1934606,outstanding,1,BK68C6K,2026-09-03,2026-09-03,0.0,18.58,18.58,,0.0,8.4,8.4,,26.98,0,26.98
114-8438560-7863445,outstanding,1,BK67P4P,2026-09-01,2026-09-01,0.0,18.58,18.58,,0.0,8.4,8.4,,26.98,0,26.98
111-0662939-1172204,outstanding,1,BK67QFV,2026-09-01,2026-09-01,0.0,18.58,18.58,,0.0,8.4,8.4,,26.98,0,26.98
114-0747591-6006602,outstanding,1,BK67VPC,2026-09-03,2026-09-03,0.0,18.58,18.58,,0.0,8.4,8.4,,26.98,0,26.98
112-6651362-4261041,outstanding,1,BKWP85Z,2026-01-27,2026-01-27,182.55,182.55,0.0,0.0,20.63,47.38,26.75,129.7,26.75,0,26.75
114-7413781-1579409,outstanding,2,51ZPF5C 51ZPF5W,2026-01-13,2026-01-14,14.51,29.02,14.51,100.0,11.86,23.72,11.86,100.0,26.37,0,26.37
114-7290097-3513011,outstanding,2,73BXNCK 73BXNDH,2026-01-07,2026-01-09,14.0,28.0,14.0,100.0,11.86,23.72,11.86,100.0,25.86,0,25.86
47QDCC26M9ZBH,outstanding,2,21XG3DR 21XG3DV,2026-07-21,2026-07-21,108.0,115.91,7.91,7.3,19.32,36.9,17.58,91.0,25.49,0,25.49
113-9830026-9803433,outstanding,1,11KWC4G,2026-04-02,2026-04-02,91.64,91.64,0.0,0.0,16.57,41.6,25.03,151.1,25.03,0,25.03
111-9998878-7617021,outstanding,1,BKV87VG,2026-01-19,2026-01-19,41.53,66.48,24.95,60.1,16.97,16.97,0.0,0.0,24.95,0,24.95
112-1421596-8266613,outstanding,1,BK67NSD,2026-09-01,2026-09-01,0.0,16.33,16.33,,0.0,8.4,8.4,,24.73,0,24.73
113-4923749-9857849,outstanding,1,BK68ZP6,2026-09-04,2026-09-04,0.0,16.33,16.33,,0.0,8.4,8.4,,24.73,0,24.73
112-7179500-4434664,outstanding,1,BK67NPS,2026-09-01,2026-09-01,0.0,16.33,16.33,,0.0,8.4,8.4,,24.73,0,24.73
113-2859023-0367454,outstanding,1,BK68GVW,2026-09-03,2026-09-03,0.0,15.94,15.94,,0.0,8.4,8.4,,24.34,0,24.34
111-7476530-3043423,outstanding,1,BK67YN4,2026-09-02,2026-09-02,0.0,15.94,15.94,,0.0,8.4,8.4,,24.34,0,24.34
113-0587719-0545836,outstanding,1,25TJKVK,2026-09-02,2026-09-02,0.0,15.94,15.94,,0.0,8.4,8.4,,24.34,0,24.34
113-0765120-7931445,outstanding,1,BK68Y9C,2026-09-04,2026-09-04,0.0,15.94,15.94,,0.0,8.4,8.4,,24.34,0,24.34
114-5451276-6423438,outstanding,1,25TJKNF,2026-09-02,2026-09-02,0.0,15.94,15.94,,0.0,8.4,8.4,,24.34,0,24.34
114-1318000-5833806,outstanding,1,BK67LGT,2026-09-01,2026-09-01,0.0,15.94,15.94,,0.0,8.4,8.4,,24.34,0,24.34
114-1221269-6649847,outstanding,1,BK68DW3,2026-09-03,2026-09-03,0.0,15.94,15.94,,0.0,8.4,8.4,,24.34,0,24.34
114-9526708-5009032,outstanding,1,76BY7KG,2026-04-17,2026-04-17,12.1,36.3,24.2,200.0,8.41,8.4,-0.01,-0.1,24.19,0,24.19
112-3715226-3872216,outstanding,1,BK67L7N,2026-09-01,2026-09-01,0.0,15.76,15.76,,0.0,8.4,8.4,,24.16,0,24.16
111-4542189-4739410,outstanding,1,BK67KN5,2026-09-01,2026-09-01,0.0,15.76,15.76,,0.0,8.4,8.4,,24.16,0,24.16
113-2513448-3002655,outstanding,1,BK68JG6,2026-09-03,2026-09-03,0.0,15.76,15.76,,0.0,8.4,8.4,,24.16,0,24.16
113-7971796-4371410,outstanding,1,BK67N22,2026-09-01,2026-09-01,0.0,15.76,15.76,,0.0,8.4,8.4,,24.16,0,24.16
111-6952635-7504202,outstanding,1,BK67X4P,2026-09-03,2026-09-03,0.0,15.76,15.76,,0.0,8.4,8.4,,24.16,0,24.16
113-6126649-1883459,outstanding,1,BK67K29,2026-09-01,2026-09-01,0.0,15.76,15.76,,0.0,8.4,8.4,,24.16,0,24.16
47QDCC26M4G3P,outstanding,3,07B4LTT 59CY3LS 82CSQ73,2026-03-16,2026-03-17,642.0,642.0,0.0,0.0,11.86,35.58,23.72,200.0,23.72,0,23.72
114-1047364-6000217,outstanding,1,07DFXYP,2026-09-02,2026-09-02,0.0,15.19,15.19,,0.0,8.4,8.4,,23.59,0,23.59
114-9014029-3108233,outstanding,1,BK3WRN6,2026-05-19,2026-05-19,203.04,203.04,0.0,0.0,12.6,35.53,22.93,182.0,22.93,0,22.93
112-4376067-9777862,outstanding,1,BK3QPLN,2026-05-14,2026-05-14,203.04,203.04,0.0,0.0,12.6,35.53,22.93,182.0,22.93,0,22.93
114-6769005-9169832,outstanding,1,BK68RC2,2026-09-03,2026-09-03,0.0,14.5,14.5,,0.0,8.4,8.4,,22.9,0,22.9
111-1942838-8576261,outstanding,1,BK67494,2026-09-02,2026-09-02,0.0,14.12,14.12,,0.0,8.4,8.4,,22.52,0,22.52
112-1329408-0820221,outstanding,1,BKVXQQH,2026-01-12,2026-01-12,34.98,34.98,0.0,0.0,0.0,21.72,21.72,,21.72,0,21.72
114-1651097-0407417,outstanding,1,BKVXKRB,2026-01-12,2026-01-12,36.18,36.18,0.0,0.0,0.0,21.72,21.72,,21.72,0,21.72
111-3851170-9401004,outstanding,1,BKVWKP7,2026-01-12,2026-01-12,34.98,34.98,0.0,0.0,0.0,21.72,21.72,,21.72,0,21.72
111-5576316-3339437,outstanding,1,BKVRW5F,2026-01-08,2026-01-08,34.98,34.98,0.0,0.0,0.0,21.72,21.72,,21.72,0,21.72
111-6915756-5527454,outstanding,1,BKVN7CN,2026-01-07,2026-01-07,34.98,34.98,0.0,0.0,0.0,21.72,21.72,,21.72,0,21.72
111-7329591-0653849,outstanding,1,BKVZSHB,2026-01-13,2026-01-13,34.98,34.98,0.0,0.0,0.0,21.72,21.72,,21.72,0,21.72
112-2956256-6365829,outstanding,1,BKVR58H,2026-01-08,2026-01-08,62.58,62.58,0.0,0.0,0.0,21.72,21.72,,21.72,0,21.72
113-6640906-6788202,outstanding,1,BKVBBTH,2026-01-02,2026-01-02,35.34,35.34,0.0,0.0,0.0,21.72,21.72,,21.72,0,21.72
114-6329884-8579411,outstanding,1,BKVP4DH,2026-01-08,2026-01-08,34.98,34.98,0.0,0.0,0.0,21.72,21.72,,21.72,0,21.72
113-8470429-5299454,outstanding,1,BKVZRK4,2026-01-13,2026-01-13,34.98,34.98,0.0,0.0,0.0,21.72,21.72,,21.72,0,21.72
113-8618418-0610637,outstanding,1,BKVGC3V,2026-01-05,2026-01-05,34.98,34.98,0.0,0.0,0.0,21.72,21.72,,21.72,0,21.72
114-0862581-8721863,outstanding,5,BKZYW52 BKZYW53 BKZYW55 BKZYW56 BKZYW57,2026-04-06,2026-04-06,325.0,315.25,-9.75,-3.0,10.56,42.0,31.44,297.7,21.69,0,21.69
114-3102520-1993837,outstanding,1,51ZR96F,2026-04-17,2026-04-17,1.95,23.4,21.45,1100.0,8.4,8.4,0.0,0.0,21.45,0,21.45
112-5418794-7925038,outstanding,1,51ZPZBL,2026-02-05,2026-02-05,16.34,37.77,21.43,131.2,11.86,11.86,0.0,0.0,21.43,0,21.43
111-1358358-7871460,outstanding,2,BKVL2PK BKVL2PL,2026-01-07,2026-01-07,98.4,109.08,10.68,10.9,17.79,28.53,10.74,60.4,21.42,0,21.42
111-6665977-5654661,outstanding,3,25STJ2K 71CPB6R BK2CG7T,2026-04-14,2026-05-21,26.04,39.06,13.02,50.0,10.0,18.4,8.4,84.0,21.42,13.02,8.4
114-9711213-7670604,outstanding,2,21XJJ2N BK6H653,2026-08-05,2026-08-06,12.99,25.98,12.99,100.0,8.41,16.8,8.39,99.8,21.38,0,21.38
113-4113577-0240211,outstanding,1,BKWYBBD,2026-01-30,2026-01-30,69.89,73.55,3.66,5.2,17.19,34.8,17.61,102.4,21.27,0,21.27
114-6880215-8237036,outstanding,1,51ZVHHT,2026-07-28,2026-07-28,1.89,22.68,20.79,1100.0,8.4,8.4,0.0,0.0,20.79,0,20.79
113-9464315-6456251,outstanding,1,51ZVHL7,2026-07-28,2026-07-28,1.89,22.68,20.79,1100.0,8.4,8.4,0.0,0.0,20.79,0,20.79
111-9444496-9571426,outstanding,1,51ZVHFW,2026-07-28,2026-07-28,1.89,22.68,20.79,1100.0,8.4,8.4,0.0,0.0,20.79,0,20.79
113-4856964-2664235,outstanding,1,BK67497,2026-09-02,2026-09-02,0.0,12.34,12.34,,0.0,8.4,8.4,,20.74,0,20.74
114-7145063-6554615,outstanding,2,88BYXGZ BKWQK3S,2026-01-20,2026-01-26,74.52,85.3,10.78,14.5,14.36,23.72,9.36,65.2,20.14,0,20.14
47QDCC26M7P26,outstanding,1,07CQRJ9,2026-05-21,2026-05-21,91.68,91.68,0.0,0.0,0.0,20.0,20.0,,20.0,0,20.0
113-5183973-1197026,outstanding,1,73BYQ5F,2026-02-18,2026-02-18,1.8,21.6,19.8,1100.0,11.86,11.86,0.0,0.0,19.8,0,19.8
111-1791353-7696253,outstanding,2,51ZV5HW BK6L65T,2026-08-05,2026-08-24,21.62,33.0,11.38,52.6,8.4,16.8,8.4,100.0,19.78,0,19.78
112-4602654-6079418,outstanding,2,74CLB34 74CLB3Q,2026-01-29,2026-01-30,7.72,15.44,7.72,100.0,11.86,23.72,11.86,100.0,19.58,0,19.58
111-7019513-6481043,outstanding,1,2762H7D,2026-05-04,2026-05-04,169.2,169.2,0.0,0.0,10.5,29.61,19.11,182.0,19.11,0,19.11
114-2720274-2557831,outstanding,1,BKV75QT,2026-01-19,2026-01-19,279.56,294.2,14.64,5.2,68.77,72.37,3.6,5.2,18.24,0,18.24
112-5723761-0264216,outstanding,2,73BXS2L 73BXS2Z,2026-01-14,2026-01-15,6.12,12.24,6.12,100.0,11.86,23.72,11.86,100.0,17.98,0,17.98
114-5535710-7040210,outstanding,3,BKZ35S2 BKZ35S3 BKZ35SZ,2026-04-08,2026-04-08,169.2,169.2,0.0,0.0,10.5,28.4,17.9,170.5,17.9,0,17.9
112-5428903-4512219,outstanding,1,25TJK4D,2026-09-02,2026-09-02,0.0,9.45,9.45,,0.0,8.4,8.4,,17.85,0,17.85
113-1207778-8958660,outstanding,3,25SLWRV BK2N3NF BK2N3NG,2026-04-21,2026-04-24,169.2,169.2,0.0,0.0,10.6,28.4,17.8,167.9,17.8,0,17.8
114-4800362-3809017,outstanding,1,276H6DY,2026-02-16,2026-02-16,8.55,26.26,17.71,207.1,11.86,11.86,0.0,0.0,17.71,0,17.71
111-2066057-6574643,outstanding,1,BKVTPHV,2026-01-09,2026-01-09,101.58,101.58,0.0,0.0,12.96,30.25,17.29,133.4,17.29,0,17.29
114-1506199-3031451,outstanding,1,51ZWCVC,2026-09-02,2026-09-02,0.0,8.88,8.88,,0.0,8.4,8.4,,17.28,0,17.28
113-4932983-3960220,outstanding,1,BK68PGD,2026-09-03,2026-09-03,0.0,8.73,8.73,,0.0,8.4,8.4,,17.13,0,17.13
47QDCC26M1W39,outstanding,1,BKV2CCK,2026-01-13,2026-01-13,75.27,75.27,0.0,0.0,15.4,31.88,16.48,107.0,16.48,0,16.48
114-9107914-7437027,outstanding,1,98CBNBF,2026-05-12,2026-05-12,150.05,150.05,0.0,0.0,10.0,26.26,16.26,162.6,16.26,0,16.26
112-7698198-7756244,outstanding,1,74CN483,2026-05-26,2026-05-26,1.46,17.52,16.06,1100.0,8.4,8.4,0.0,0.0,16.06,0,16.06
111-6366841-0835433,outstanding,1,BK544F4,2026-07-20,2026-07-20,0.0,7.56,7.56,,0.0,8.4,8.4,,15.96,0,15.96
111-8663318-4776218,outstanding,1,51ZWCSQ,2026-09-02,2026-09-02,0.0,7.16,7.16,,0.0,8.4,8.4,,15.56,0,15.56
111-0080509-9581868,outstanding,1,51ZWDZ2,2026-09-04,2026-09-04,0.0,6.9,6.9,,0.0,8.4,8.4,,15.3,0,15.3
114-0166491-1166626,outstanding,1,11KV278,2026-02-02,2026-02-02,314.14,314.14,0.0,0.0,116.29,131.0,14.71,12.6,14.71,0,14.71
113-0494263-4843465,outstanding,1,64CBG63,2026-05-26,2026-05-26,4.8,19.2,14.4,300.0,8.4,8.4,0.0,0.0,14.4,0,14.4
112-9071034-5018619,outstanding,1,51ZRPZJ,2026-03-24,2026-03-24,14.25,28.5,14.25,100.0,11.86,11.86,0.0,0.0,14.25,0,14.25
111-4062680-6273025,outstanding,1,01K528Q,2026-01-06,2026-01-06,14.11,28.22,14.11,100.0,11.86,11.86,0.0,0.0,14.11,0,14.11
113-9180879-6482648,outstanding,2,51ZSDXD 63CTZSR,2026-04-22,2026-04-22,3.4,8.88,5.48,161.2,8.4,16.8,8.4,100.0,13.88,0,13.88
113-2036552-0921069,outstanding,1,BKVX654,2026-01-13,2026-01-13,45.86,56.32,10.46,22.8,13.86,16.97,3.11,22.4,13.57,0,13.57
47QDCC26M1UZC,outstanding,1,82CRRX7,2026-01-15,2026-01-15,93.72,106.36,12.64,13.5,11.0,11.86,0.86,7.8,13.5,0,13.5
112-9419413-1380205,outstanding,2,BKWB99Y BKWB99Z,2026-01-21,2026-01-21,82.71,82.71,0.0,0.0,14.95,27.48,12.53,83.8,12.53,0,12.53
114-5615143-7429811,outstanding,1,47ZWYH8,2026-08-31,2026-08-31,12.44,24.88,12.44,100.0,8.4,8.4,0.0,0.0,12.44,0,12.44
111-1923670-2304253,outstanding,1,BK67KTX,2026-09-01,2026-09-01,0.0,3.94,3.94,,0.0,8.4,8.4,,12.34,0,12.34
111-1145522-1306615,outstanding,1,25TFYB4,2026-08-10,2026-08-10,4.08,16.32,12.24,300.0,8.4,8.4,0.0,0.0,12.24,0,12.24
47QDCC26M87HZ,outstanding,1,73BZ3P9,2026-06-03,2026-06-03,135.84,135.84,0.0,0.0,0.0,12.14,12.14,,12.14,0,12.14
112-4191712-8693035,outstanding,1,BKVXSF4,2026-01-12,2026-01-12,185.87,185.87,0.0,0.0,16.16,28.13,11.97,74.1,11.97,0,11.97
113-7156620-6229803,outstanding,1,82CTSZJ,2026-05-22,2026-05-22,38.64,50.52,11.88,30.7,8.41,8.4,-0.01,-0.1,11.87,0,11.87
112-0990976-5905019,outstanding,2,64B7FPX BKVXSYR,2026-01-12,2026-01-12,5.9,5.9,0.0,0.0,11.86,23.72,11.86,100.0,11.86,0,11.86
111-1931493-1525802,outstanding,2,71CNJTP BKWZNVF,2026-02-02,2026-02-02,14.4,14.4,0.0,0.0,11.86,23.72,11.86,100.0,11.86,0,11.86
47QDCC26M56WZ,outstanding,1,07B8CKL,2026-03-31,2026-03-31,164.96,164.96,0.0,0.0,0.0,11.86,11.86,,11.86,0,11.86
112-7119289-6502622,outstanding,1,51ZWDGT,2026-09-03,2026-09-03,0.0,3.36,3.36,,0.0,8.4,8.4,,11.76,0,11.76
113-1912427-6981067,outstanding,1,BK66LXV,2026-08-28,2026-08-28,0.0,3.28,3.28,,0.0,8.4,8.4,,11.68,0,11.68
111-6512239-9017068,outstanding,1,72C3WGJ,2026-05-12,2026-05-12,8.88,8.88,0.0,0.0,8.4,20.0,11.6,138.1,11.6,0,11.6
112-1246066-9359422,outstanding,1,20J3FSN,2026-05-11,2026-05-11,16.36,16.36,0.0,0.0,8.4,20.0,11.6,138.1,11.6,0,11.6
113-0583284-2237017,outstanding,1,59CZTR3,2026-05-04,2026-05-04,10.63,10.63,0.0,0.0,8.4,20.0,11.6,138.1,11.6,0,11.6
114-3300462-3872227,outstanding,1,20J3HR2,2026-05-15,2026-05-15,13.89,13.89,0.0,0.0,8.4,20.0,11.6,138.1,11.6,0,11.6
112-0881047-9895418,outstanding,1,BK29QYC,2026-05-05,2026-05-05,27.51,27.51,0.0,0.0,8.4,20.0,11.6,138.1,11.6,0,11.6
114-3125007-1411408,outstanding,1,BK3TWY5,2026-05-19,2026-05-19,20.17,20.17,0.0,0.0,8.4,20.0,11.6,138.1,11.6,0,11.6
112-1567727-8108227,outstanding,1,82CTHK7,2026-05-05,2026-05-05,3.42,3.42,0.0,0.0,8.4,20.0,11.6,138.1,11.6,0,11.6
112-2467084-1520242,outstanding,1,72C3QYB,2026-05-05,2026-05-05,8.88,8.88,0.0,0.0,8.4,20.0,11.6,138.1,11.6,0,11.6
112-2504584-9357016,outstanding,1,77BSHWZ,2026-05-15,2026-05-15,42.43,42.43,0.0,0.0,8.4,20.0,11.6,138.1,11.6,0,11.6
113-5032307-5982620,outstanding,1,77BSD47,2026-05-04,2026-05-04,80.22,80.22,0.0,0.0,8.4,20.0,11.6,138.1,11.6,0,11.6
111-0164436-7116279,outstanding,1,01L865W,2026-05-13,2026-05-13,46.1,46.1,0.0,0.0,8.4,20.0,11.6,138.1,11.6,0,11.6
112-0480364-8423457,outstanding,1,63CVFLS,2026-05-13,2026-05-13,32.22,32.22,0.0,0.0,8.4,20.0,11.6,138.1,11.6,0,11.6
114-7113486-9102623,outstanding,1,BK3K8H3,2026-05-12,2026-05-12,35.33,35.33,0.0,0.0,8.4,20.0,11.6,138.1,11.6,0,11.6
113-6428434-1505819,outstanding,1,BK29BQL,2026-05-05,2026-05-05,3.42,3.42,0.0,0.0,8.4,20.0,11.6,138.1,11.6,0,11.6
114-0441313-8092206,outstanding,1,BK3T2GY,2026-05-19,2026-05-19,5.93,5.93,0.0,0.0,8.4,20.0,11.6,138.1,11.6,0,11.6
114-1100722-3558644,outstanding,1,BK3L3KF,2026-05-14,2026-05-14,27.51,27.51,0.0,0.0,8.4,20.0,11.6,138.1,11.6,0,11.6
113-6580484-0276202,outstanding,1,BK3P6FD,2026-05-14,2026-05-14,67.66,67.66,0.0,0.0,8.4,20.0,11.6,138.1,11.6,0,11.6
114-0117928-4437802,outstanding,1,64B97BK,2026-05-13,2026-05-13,36.49,36.49,0.0,0.0,8.4,20.0,11.6,138.1,11.6,0,11.6
113-4225718-2761800,outstanding,1,BK29NPW,2026-05-06,2026-05-06,16.02,16.02,0.0,0.0,8.4,20.0,11.6,138.1,11.6,0,11.6
114-1497041-5106617,outstanding,1,BK3F756,2026-05-08,2026-05-08,33.84,33.84,0.0,0.0,8.4,20.0,11.6,138.1,11.6,0,11.6
114-4498854-5582655,outstanding,1,BK27XRH,2026-05-04,2026-05-04,49.38,49.38,0.0,0.0,8.4,20.0,11.6,138.1,11.6,0,11.6
112-4132399-0579408,outstanding,1,BK29T2R,2026-05-06,2026-05-06,11.13,11.13,0.0,0.0,8.4,20.0,11.6,138.1,11.6,0,11.6
112-4279779-5297837,outstanding,1,BK29YQW,2026-05-05,2026-05-05,30.64,30.64,0.0,0.0,8.4,20.0,11.6,138.1,11.6,0,11.6
113-9824806-4473068,outstanding,1,BK3HL89,2026-05-11,2026-05-11,22.84,22.84,0.0,0.0,8.4,20.0,11.6,138.1,11.6,0,11.6
112-4496100-6976205,outstanding,1,BK3X4R9,2026-05-20,2026-05-20,41.65,41.65,0.0,0.0,8.4,20.0,11.6,138.1,11.6,0,11.6
112-4512115-6640229,outstanding,1,BK3NFRP,2026-05-13,2026-05-13,33.84,33.84,0.0,0.0,8.4,20.0,11.6,138.1,11.6,0,11.6
114-1796413-5757049,outstanding,1,BK3GQ9T,2026-05-11,2026-05-11,34.26,34.26,0.0,0.0,8.4,20.0,11.6,138.1,11.6,0,11.6
111-1366701-5418616,outstanding,1,BK3BV5X,2026-05-06,2026-05-06,24.03,24.03,0.0,0.0,8.4,20.0,11.6,138.1,11.6,0,11.6
112-4721255-5409061,outstanding,1,BK27PVZ,2026-05-05,2026-05-05,24.69,24.69,0.0,0.0,8.4,20.0,11.6,138.1,11.6,0,11.6
113-3986716-3959405,outstanding,1,BK3NWLF,2026-05-14,2026-05-14,33.39,33.39,0.0,0.0,8.4,20.0,11.6,138.1,11.6,0,11.6
111-9391160-3605805,outstanding,1,BK3RLWZ,2026-05-15,2026-05-15,33.84,33.84,0.0,0.0,8.4,20.0,11.6,138.1,11.6,0,11.6
111-4078147-4381868,outstanding,1,74CNYTT,2026-05-14,2026-05-14,15.78,15.78,0.0,0.0,8.4,20.0,11.6,138.1,11.6,0,11.6
111-4086472-1791460,outstanding,1,83B4R32,2026-05-15,2026-05-15,46.12,46.12,0.0,0.0,8.4,20.0,11.6,138.1,11.6,0,11.6
112-5224084-1497028,outstanding,1,97B2XJ9,2026-05-11,2026-05-11,4.16,4.16,0.0,0.0,8.4,20.0,11.6,138.1,11.6,0,11.6
113-3384679-7829004,outstanding,1,64B94JH,2026-05-08,2026-05-08,15.92,15.92,0.0,0.0,8.4,20.0,11.6,138.1,11.6,0,11.6
112-5742151-5172226,outstanding,1,BK3GCX3,2026-05-08,2026-05-08,28.5,28.5,0.0,0.0,8.4,20.0,11.6,138.1,11.6,0,11.6
112-5881046-2181009,outstanding,1,BK3R4PB,2026-05-15,2026-05-15,15.95,15.95,0.0,0.0,8.4,20.0,11.6,138.1,11.6,0,11.6
112-2165855-9440261,outstanding,1,BK3W6K8,2026-05-20,2026-05-20,24.03,24.03,0.0,0.0,8.4,20.0,11.6,138.1,11.6,0,11.6
111-8621609-5304244,outstanding,1,83B4N37,2026-05-07,2026-05-07,13.82,13.82,0.0,0.0,8.4,20.0,11.6,138.1,11.6,0,11.6
114-6503432-6571464,outstanding,1,BK3QFYZ,2026-05-14,2026-05-14,32.15,32.15,0.0,0.0,8.4,20.0,11.6,138.1,11.6,0,11.6
112-6337112-2471422,outstanding,1,68CLH9S,2026-05-12,2026-05-12,7.24,7.24,0.0,0.0,8.4,20.0,11.6,138.1,11.6,0,11.6
113-7178617-5629024,outstanding,1,82CTJ9T,2026-05-07,2026-05-07,10.63,10.63,0.0,0.0,8.4,20.0,11.6,138.1,11.6,0,11.6
111-8157515-4285063,outstanding,1,83B4PT5,2026-05-11,2026-05-11,11.72,11.72,0.0,0.0,8.4,20.0,11.6,138.1,11.6,0,11.6
113-9288662-0215427,outstanding,1,BK27GX4,2026-05-05,2026-05-05,33.84,33.84,0.0,0.0,8.4,20.0,11.6,138.1,11.6,0,11.6
113-2815411-8027435,outstanding,1,BK3DRXT,2026-05-07,2026-05-07,8.01,8.01,0.0,0.0,8.4,20.0,11.6,138.1,11.6,0,11.6
113-2365355-5861040,outstanding,1,82CTNXC,2026-05-13,2026-05-13,10.63,10.63,0.0,0.0,8.4,20.0,11.6,138.1,11.6,0,11.6
111-2680338-1793060,outstanding,1,BK26R9K,2026-05-04,2026-05-04,42.2,42.2,0.0,0.0,8.4,20.0,11.6,138.1,11.6,0,11.6
112-8164543-8037009,outstanding,1,BK28JWB,2026-05-05,2026-05-05,16.02,16.02,0.0,0.0,8.4,20.0,11.6,138.1,11.6,0,11.6
111-7834463-7138635,outstanding,1,BK3RWTQ,2026-05-15,2026-05-15,1.6,1.6,0.0,0.0,8.4,20.0,11.6,138.1,11.6,0,11.6
114-6370202-8197806,outstanding,1,73BZPRD,2026-05-05,2026-05-05,34.44,34.44,0.0,0.0,8.4,20.0,11.6,138.1,11.6,0,11.6
111-7708414-2394654,outstanding,1,82CTQ96,2026-05-19,2026-05-19,41.4,41.4,0.0,0.0,8.4,20.0,11.6,138.1,11.6,0,11.6
111-2846266-9172249,outstanding,1,BK3JBS4,2026-05-11,2026-05-11,25.82,25.82,0.0,0.0,8.4,20.0,11.6,138.1,11.6,0,11.6
113-1232695-4718650,outstanding,1,BK3LBK9,2026-05-12,2026-05-12,51.38,51.38,0.0,0.0,8.4,20.0,11.6,138.1,11.6,0,11.6
112-9540259-8424224,outstanding,2,BK295F5 BK295F6,2026-05-06,2026-05-06,41.84,41.84,0.0,0.0,16.8,28.4,11.6,69.0,11.6,0,11.6
111-1876362-5045867,outstanding,1,68CLHX5,2026-05-12,2026-05-12,80.22,80.22,0.0,0.0,8.4,20.0,11.6,138.1,11.6,0,11.6
111-6821730-9197801,outstanding,1,BK3DSVY,2026-05-07,2026-05-07,42.2,42.2,0.0,0.0,8.4,20.0,11.6,138.1,11.6,0,11.6
114-8853920-9630669,outstanding,1,BK3PZZJ,2026-05-15,2026-05-15,11.13,11.13,0.0,0.0,8.4,20.0,11.6,138.1,11.6,0,11.6
112-1862507-3992215,outstanding,1,01L7G8W,2026-05-06,2026-05-06,10.46,10.46,0.0,0.0,8.4,20.0,11.6,138.1,11.6,10.46,1.14
114-2370098-8966610,outstanding,1,BK3VWFP,2026-05-19,2026-05-19,33.96,33.96,0.0,0.0,8.4,20.0,11.6,138.1,11.6,0,11.6
113-0032964-2105821,outstanding,1,BK3PWTG,2026-05-14,2026-05-14,15.95,15.95,0.0,0.0,8.4,20.0,11.6,138.1,11.6,0,11.6
111-7361536-0481052,outstanding,1,25TJB6P,2026-08-31,2026-08-31,1.27,12.7,11.43,900.0,8.4,8.4,0.0,0.0,11.43,0,11.43
113-7655508-2305008,outstanding,1,68CG7HG,2026-01-14,2026-01-14,2.1,12.6,10.5,500.0,11.86,11.86,0.0,0.0,10.5,0,10.5
113-4341305-3661811,outstanding,2,25SFN4T BKZGJ34,2026-03-24,2026-04-02,4.04,6.06,2.02,50.0,11.86,20.26,8.4,70.8,10.42,0,10.42
114-2372486-9761056,outstanding,1,BKWGVBB,2026-01-21,2026-01-21,140.8,149.15,8.35,5.9,34.64,36.69,2.05,5.9,10.4,0,10.4
114-4316210-2689010,outstanding,1,BKWQ534,2026-01-27,2026-01-27,185.87,185.87,0.0,0.0,16.16,26.45,10.29,63.7,10.29,0,10.29
47QDCC26MDZW9,outstanding,1,277N2R8,2026-09-04,2026-09-04,86.4,86.4,0.0,0.0,0.0,10.1,10.1,,10.1,0,10.1
111-6520134-3478617,outstanding,1,25SCPWN,2026-03-25,2026-03-25,4.5,13.5,9.0,200.0,11.86,12.96,1.1,9.3,10.1,0,10.1
111-9359691-2507405,outstanding,1,82CTH5N,2026-05-05,2026-05-05,60.0,60.0,0.0,0.0,0.0,10.08,10.08,,10.08,0,10.08
113-3528931-7305006,outstanding,1,BK27B9X,2026-05-04,2026-05-04,62.88,62.88,0.0,0.0,10.0,20.0,10.0,100.0,10.0,0,10.0
112-5417118-2437042,outstanding,1,BK3GT7C,2026-05-11,2026-05-11,70.66,70.66,0.0,0.0,10.0,20.0,10.0,100.0,10.0,0,10.0
113-5430413-6667416,outstanding,1,74CNWCL,2026-05-07,2026-05-07,63.12,63.12,0.0,0.0,10.0,20.0,10.0,100.0,10.0,0,10.0
114-4209788-9222629,outstanding,3,BKZ38Z2 BKZ38Z3 BKZ38ZY,2026-04-08,2026-04-08,244.04,244.04,0.0,0.0,20.0,30.0,10.0,50.0,10.0,0,10.0
111-7516259-0505832,outstanding,1,97B2XP2,2026-05-12,2026-05-12,37.85,37.85,0.0,0.0,10.0,20.0,10.0,100.0,10.0,0,10.0
113-1177061-5595445,outstanding,1,83B4Q3F,2026-05-13,2026-05-13,31.09,31.09,0.0,0.0,10.0,20.0,10.0,100.0,10.0,0,10.0
113-7349671-7816245,outstanding,1,82CTH28,2026-05-05,2026-05-05,31.89,31.89,0.0,0.0,10.0,20.0,10.0,100.0,10.0,0,10.0
112-1399037-5007416,outstanding,1,BK3BD4J,2026-05-06,2026-05-06,45.2,45.2,0.0,0.0,10.0,20.0,10.0,100.0,10.0,0,10.0
112-2663742-1194643,outstanding,1,BK27WD4,2026-05-05,2026-05-05,66.78,66.78,0.0,0.0,10.0,20.0,10.0,100.0,10.0,0,10.0
47QDCC26M5C4E,outstanding,1,72C25LP,2026-04-01,2026-04-01,88.2,88.2,0.0,0.0,0.0,10.0,10.0,,10.0,0,10.0
114-7302063-1387452,outstanding,1,BK28F2D,2026-05-05,2026-05-05,66.78,66.78,0.0,0.0,10.0,20.0,10.0,100.0,10.0,0,10.0
113-7082634-7912269,outstanding,1,BK27PC4,2026-05-04,2026-05-04,66.78,66.78,0.0,0.0,10.0,20.0,10.0,100.0,10.0,0,10.0
47QDCC26MDUEZ,outstanding,1,07DF22K,2026-09-02,2026-09-02,56.98,56.98,0.0,0.0,0.0,10.0,10.0,,10.0,0,10.0
111-9333791-8540269,outstanding,1,BK274Y5,2026-05-05,2026-05-05,66.78,66.78,0.0,0.0,10.0,20.0,10.0,100.0,10.0,0,10.0
112-7806128-0653805,outstanding,1,01L732N,2026-05-08,2026-05-08,58.52,58.52,0.0,0.0,10.0,20.0,10.0,100.0,10.0,0,10.0
114-8540530-0902628,outstanding,1,BK3WL4G,2026-05-19,2026-05-19,67.68,67.68,0.0,0.0,10.0,20.0,10.0,100.0,10.0,0,10.0
113-9480919-0611417,outstanding,1,BK26XXB,2026-05-04,2026-05-04,67.68,67.68,0.0,0.0,10.0,20.0,10.0,100.0,10.0,0,10.0
113-5394261-4893066,outstanding,2,BK2HYSG BK2HYSH,2026-04-17,2026-04-17,135.36,135.36,0.0,0.0,10.0,20.0,10.0,100.0,10.0,0,10.0
113-5290426-1115426,outstanding,1,BK27V2K,2026-05-04,2026-05-04,66.38,66.38,0.0,0.0,10.0,20.0,10.0,100.0,10.0,0,10.0
112-3557969-1113011,outstanding,1,BK277PK,2026-05-05,2026-05-05,67.68,67.68,0.0,0.0,10.0,20.0,10.0,100.0,10.0,0,10.0
112-2951427-9424225,outstanding,1,BK3TVJP,2026-05-18,2026-05-18,17.66,17.66,0.0,0.0,10.0,20.0,10.0,100.0,10.0,0,10.0
114-4185103-2537805,outstanding,2,BKZ9JWF BKZ9JWG,2026-04-13,2026-04-13,141.32,141.32,0.0,0.0,10.05,20.0,9.95,99.0,9.95,0,9.95
47QDCC26M74CS,outstanding,1,20J3H7N,2026-05-15,2026-05-15,163.2,163.2,0.0,0.0,0.08,10.0,9.92,12400.0,9.92,0,9.92
113-2833859-3946618,outstanding,1,BK65SPT,2026-08-26,2026-08-26,0.0,1.5,1.5,,0.0,8.4,8.4,,9.9,0,9.9
112-0641092-3473036,outstanding,2,BKVZ52Q BKVZ52R,2026-01-13,2026-01-14,97.14,97.14,0.0,0.0,17.58,27.48,9.9,56.3,9.9,0,9.9
112-1318709-2746653,outstanding,1,BK66KYN,2026-08-28,2026-08-28,0.0,1.5,1.5,,0.0,8.4,8.4,,9.9,0,9.9
113-0226843-4692243,outstanding,1,BK66X2L,2026-08-31,2026-08-31,0.0,1.5,1.5,,0.0,8.4,8.4,,9.9,0,9.9
112-4146734-1265024,outstanding,1,BK676PV,2026-09-02,2026-09-02,0.0,1.5,1.5,,0.0,8.4,8.4,,9.9,0,9.9
111-5780658-3034627,outstanding,1,BK3N7YT,2026-05-13,2026-05-13,61.28,60.9,-0.38,-0.6,10.0,20.0,10.0,100.0,9.62,0,9.62
111-4068741-7716203,outstanding,1,BK3GGZQ,2026-05-08,2026-05-08,102.84,102.84,0.0,0.0,8.4,18.0,9.6,114.3,9.6,0,9.6
113-8814785-8296236,outstanding,1,01L37YV,2026-04-23,2026-04-23,19.34,28.87,9.53,49.3,8.41,8.4,-0.01,-0.1,9.52,0,9.52
112-9303552-6443453,outstanding,3,01L7HYX BK2Q8TW BK2Q8TZ,2026-04-23,2026-05-06,160.2,160.2,0.0,0.0,29.0,38.4,9.4,32.4,9.4,0,9.4
111-9552261-2711425,outstanding,1,277CLFZ,2026-06-24,2026-06-24,15.39,26.26,10.87,70.6,10.0,8.4,-1.6,-16.0,9.27,0,9.27
114-5105155-4213840,outstanding,1,BKVXQQK,2026-01-12,2026-01-12,134.0,140.8,6.8,5.1,32.95,34.64,1.69,5.1,8.49,0,8.49
112-4972711-9283446,outstanding,2,77BR9GT BK2K5TG,2026-04-20,2026-04-20,20.52,20.52,0.0,0.0,8.4,16.8,8.4,100.0,8.4,0,8.4
112-0065862-5275414,outstanding,2,98CBDDR BK2YN6P,2026-04-28,2026-04-28,7.04,7.04,0.0,0.0,8.4,16.8,8.4,100.0,8.4,0,8.4
47QDCC26M8571,outstanding,1,97B3DJC,2026-06-08,2026-06-08,61.5,61.5,0.0,0.0,0.0,8.4,8.4,,8.4,0,8.4
113-9297275-0625805,outstanding,2,BK2D6QQ BK2D6QT,2026-04-16,2026-04-16,105.99,105.99,0.0,0.0,10.0,18.4,8.4,84.0,8.4,0,8.4
114-9188897-4655430,outstanding,2,25SHRDL BKZ62JH,2026-04-10,2026-04-10,105.99,105.99,0.0,0.0,10.0,18.4,8.4,84.0,8.4,0,8.4
111-2723963-1025020,outstanding,1,BK23SSH,2026-04-30,2026-04-30,10.72,10.72,0.0,0.0,0.0,8.4,8.4,,8.4,0,8.4
114-5957986-6237045,outstanding,2,07CGGW8 BK2Q2D4,2026-04-23,2026-04-23,105.99,105.99,0.0,0.0,10.0,18.4,8.4,84.0,8.4,0,8.4
113-1779003-4621841,outstanding,2,47ZCDSG BK2D8PJ,2026-04-16,2026-04-17,105.99,105.99,0.0,0.0,10.0,18.4,8.4,84.0,8.4,0,8.4
47QDCC26M6PLP,outstanding,1,72C3PH3,2026-04-30,2026-04-30,80.0,80.0,0.0,0.0,0.0,8.4,8.4,,8.4,0,8.4
47QDCC26M6NC4,outstanding,2,01L5PZL 07CH3T2,2026-04-29,2026-04-30,448.4,448.4,0.0,0.0,8.4,16.8,8.4,100.0,8.4,0,8.4
112-7861998-7769839,outstanding,2,07C9BZF BK6GTGN,2026-07-30,2026-07-30,10.1,10.1,0.0,0.0,10.01,18.4,8.39,83.8,8.39,0,8.39
111-5708508-0524213,outstanding,1,BKWG35Z,2026-01-22,2026-01-22,112.64,119.32,6.68,5.9,27.71,29.35,1.64,5.9,8.32,0,8.32
112-7113196-6605860,outstanding,1,BKWTHCZ,2026-01-29,2026-01-29,112.64,119.32,6.68,5.9,27.71,29.35,1.64,5.9,8.32,0,8.32
114-1856961-5719416,outstanding,1,01NYV6G,2026-09-03,2026-09-03,1.64,9.84,8.2,500.0,8.4,8.4,0.0,0.0,8.2,0,8.2
112-3055218-1170653,outstanding,1,BKWZTB4,2026-02-02,2026-02-02,100.29,100.29,0.0,0.0,16.52,24.31,7.79,47.2,7.79,0,7.79
111-8199194-3926627,outstanding,1,51ZV55S,2026-08-25,2026-08-25,3.83,11.49,7.66,200.0,8.4,8.4,0.0,0.0,7.66,0,7.66
112-9739065-2689837,outstanding,1,73BZYVC,2026-05-27,2026-05-27,3.82,11.46,7.64,200.0,8.41,8.4,-0.01,-0.1,7.63,0,7.63
47QDCC26M2MUM,outstanding,2,25RWS29 BKWYN33,2026-02-02,2026-02-02,257.8,257.8,0.0,0.0,22.47,29.84,7.37,32.8,7.37,0,7.37
113-2798716-7240229,outstanding,1,72C3B9Q,2026-04-14,2026-04-14,3.62,10.86,7.24,200.0,8.4,8.4,0.0,0.0,7.24,0,7.24
111-5881894-2041825,outstanding,2,BKZWXKV BKZWXKW,2026-04-03,2026-04-03,78.12,78.12,0.0,0.0,14.89,22.05,7.16,48.1,7.16,0,7.16
114-3664494-6423458,outstanding,1,BKWYXX3,2026-02-02,2026-02-02,39.7,39.7,0.0,0.0,16.97,24.0,7.03,41.4,7.03,0,7.03
111-1997988-8781804,outstanding,1,BKXX8RG,2026-02-18,2026-02-18,15.0,15.0,0.0,0.0,17.0,24.0,7.0,41.2,7.0,0,7.0
47QDCC26M1PH3,outstanding,2,97BYYFY BKV2BRJ,2026-01-13,2026-01-15,128.8,140.55,11.75,9.1,32.27,27.28,-4.99,-15.5,6.76,0,6.76
111-7205730-9711419,outstanding,1,07CNG6Y,2026-05-12,2026-05-12,37.04,37.04,0.0,0.0,13.6,20.0,6.4,47.1,6.4,0,6.4
114-1346437-9245065,outstanding,1,97B2VT2,2026-05-06,2026-05-06,78.16,78.16,0.0,0.0,13.6,20.0,6.4,47.1,6.4,0,6.4
111-3244374-4256204,outstanding,2,68CK9Z5 98CBGVJ,2026-05-04,2026-05-04,162.47,162.47,0.0,0.0,30.4,36.8,6.4,21.1,6.4,0,6.4
47QDCC26MBSS4,outstanding,3,07C97BN 25TD3SH 51ZVPQB,2026-08-04,2026-08-05,138.1,138.1,0.0,0.0,18.9,25.2,6.3,33.3,6.3,0,6.3
113-3895196-6679435,outstanding,1,64B7R2Y,2026-01-22,2026-01-22,1.21,7.26,6.05,500.0,11.86,11.86,0.0,0.0,6.05,0,6.05
113-8639739-6649839,outstanding,1,BKYYWPQ,2026-03-12,2026-03-12,30.0,37.75,7.75,25.8,11.0,9.0,-2.0,-18.2,5.75,0,5.75
112-3574401-3366643,outstanding,1,BK4TNLF,2026-06-11,2026-06-11,39.78,44.58,4.8,12.1,10.0,10.0,0.0,0.0,4.8,0,4.8
113-1870158-7885820,outstanding,1,BKV3QTG,2026-01-14,2026-01-14,69.89,73.55,3.66,5.2,17.19,18.09,0.9,5.2,4.56,0,4.56
112-8906637-7187403,outstanding,1,47Y6KHN,2026-03-11,2026-03-11,1.5,6.0,4.5,300.0,11.86,11.86,0.0,0.0,4.5,0,4.5
113-5110634-9753049,outstanding,1,25SNQ5D,2026-04-28,2026-04-28,1.5,6.0,4.5,300.0,8.4,8.4,0.0,0.0,4.5,0,4.5
113-5943668-2459413,outstanding,2,72C23HQ 72CZP6Z,2026-02-03,2026-03-27,62.4,66.81,4.41,7.1,23.72,23.72,0.0,0.0,4.41,0,4.41
113-1310121-7128203,outstanding,1,51ZTT8R,2026-07-08,2026-07-08,0.4,4.8,4.4,1100.0,8.4,8.4,0.0,0.0,4.4,0,4.4
113-8147855-5780214,outstanding,1,20J2JL4,2026-02-13,2026-02-13,2.19,6.57,4.38,200.0,11.86,11.86,0.0,0.0,4.38,0,4.38
113-7440455-5382642,outstanding,1,BK4XRB7,2026-06-16,2026-06-16,127.88,127.88,0.0,0.0,61.0,65.0,4.0,6.6,4.0,0,4.0
113-4074687-4316247,outstanding,1,277KWYF,2026-08-11,2026-08-11,3.61,7.22,3.61,100.0,8.4,8.4,0.0,0.0,3.61,0,3.61
111-9712423-5284202,outstanding,1,64B9NH5,2026-04-21,2026-04-21,1.71,5.13,3.42,200.0,8.4,8.4,0.0,0.0,3.42,0,3.42
112-6091714-3994618,outstanding,1,BKV29Z4,2026-01-14,2026-01-14,56.32,59.66,3.34,5.9,16.97,16.97,0.0,0.0,3.34,0,3.34
113-6990781-5267447,outstanding,1,98CBCY2,2026-04-27,2026-04-27,3.34,6.68,3.34,100.0,8.41,8.4,-0.01,-0.1,3.33,0,3.33
113-2410033-2049866,outstanding,1,BK3WS5R,2026-05-19,2026-05-19,292.92,292.92,0.0,0.0,48.0,51.26,3.26,6.8,3.26,0,3.26
114-9816682-7093819,outstanding,3,07BFVF4 25RPNJD BKVPV7Q,2026-01-07,2026-01-07,85.0,85.0,0.0,0.0,35.7,38.91,3.21,9.0,3.21,0,3.21
111-4904440-5530606,outstanding,1,BK3CSKB,2026-05-07,2026-05-07,67.68,67.68,0.0,0.0,10.0,13.2,3.2,32.0,3.2,0,3.2
111-8611659-8191446,outstanding,2,25SL49F 25SL49T,2026-04-24,2026-04-24,62.34,62.34,0.0,0.0,16.8,20.0,3.2,19.0,3.2,0,3.2
114-4301438-8154652,outstanding,1,BKWX6CY,2026-01-30,2026-01-30,590.4,590.4,0.0,0.0,62.1,65.25,3.15,5.1,3.15,0,3.15
114-8522262-0252210,outstanding,1,47ZBQ3T,2026-04-14,2026-04-14,3.14,6.28,3.14,100.0,8.41,8.4,-0.01,-0.1,3.13,0,3.13
114-9612700-3363469,outstanding,1,BKVXWPB,2026-01-12,2026-01-12,56.32,56.32,0.0,0.0,13.86,16.97,3.11,22.4,3.11,0,3.11
114-7104972-4642603,outstanding,1,BKVZ6BL,2026-01-13,2026-01-13,56.32,56.32,0.0,0.0,13.86,16.97,3.11,22.4,3.11,0,3.11
112-9976648-1113827,outstanding,1,25THS4V,2026-08-25,2026-08-25,6.0,9.0,3.0,50.0,8.4,8.4,0.0,0.0,3.0,0,3.0
114-2543910-9332217,outstanding,1,59CZ9H2,2026-05-29,2026-05-29,2.78,5.56,2.78,100.0,8.41,8.4,-0.01,-0.1,2.77,0,2.77
113-7091960-0653063,outstanding,1,BKW272S,2026-02-03,2026-02-03,528.22,530.97,2.75,0.5,9.0,9.0,0.0,0.0,2.75,0,2.75
112-1697907-7334646,outstanding,1,BKVTPKC,2026-01-09,2026-01-09,103.29,106.04,2.75,2.7,9.0,9.0,0.0,0.0,2.75,0,2.75
114-7299129-2072200,outstanding,1,BKW5YVG,2026-02-03,2026-02-03,528.22,530.97,2.75,0.5,9.0,9.0,0.0,0.0,2.75,0,2.75
114-4975304-0361843,outstanding,1,BKZHSVD,2026-03-25,2026-03-25,91.55,94.3,2.75,3.0,9.0,9.0,0.0,0.0,2.75,0,2.75
111-8888734-2705809,outstanding,1,BKV9TK6,2026-01-19,2026-01-19,86.63,89.38,2.75,3.2,9.0,9.0,0.0,0.0,2.75,0,2.75
111-3502994-6192206,outstanding,1,BKVRXZ3,2026-01-08,2026-01-08,100.17,102.92,2.75,2.7,9.0,9.0,0.0,0.0,2.75,0,2.75
47QDCC26M2BV1,outstanding,1,BKWQ8FN,2026-01-27,2026-01-27,120.24,122.99,2.75,2.3,9.0,9.0,0.0,0.0,2.75,0,2.75
113-0678707-1166651,outstanding,1,BKWX6CZ,2026-01-30,2026-01-30,99.56,102.31,2.75,2.8,9.0,9.0,0.0,0.0,2.75,0,2.75
112-5086892-7421051,outstanding,1,BKWV29Z,2026-01-29,2026-01-29,173.26,176.01,2.75,1.6,9.0,9.0,0.0,0.0,2.75,0,2.75
111-2347106-9593823,outstanding,1,76BXN34,2026-01-02,2026-01-02,39.24,41.74,2.5,6.4,11.86,11.86,0.0,0.0,2.5,0,2.5
112-2305504-0376211,outstanding,1,73BXJCF,2026-01-02,2026-01-02,53.32,55.82,2.5,4.7,14.54,14.54,0.0,0.0,2.5,0,2.5
114-6302306-9177805,outstanding,1,98B7VYF,2026-01-06,2026-01-06,14.94,17.44,2.5,16.7,11.86,11.86,0.0,0.0,2.5,0,2.5
114-4328750-9702662,outstanding,1,98B7TXJ,2026-01-05,2026-01-05,79.36,81.86,2.5,3.2,11.86,11.86,0.0,0.0,2.5,0,2.5
113-0517135-2316224,outstanding,1,BKVB5R9,2026-01-02,2026-01-02,19.25,21.75,2.5,13.0,11.86,11.86,0.0,0.0,2.5,0,2.5
111-3966406-6107462,outstanding,1,68CGRFD,2026-01-02,2026-01-02,56.82,59.32,2.5,4.4,11.86,11.86,0.0,0.0,2.5,0,2.5
114-4953489-1648255,outstanding,1,73BXJ2W,2026-01-05,2026-01-05,9.79,12.29,2.5,25.5,11.86,11.86,0.0,0.0,2.5,0,2.5
114-1105265-6498633,outstanding,1,BKT9FYH,2026-01-02,2026-01-02,60.04,62.54,2.5,4.2,12.41,12.41,0.0,0.0,2.5,0,2.5
113-5044290-0376232,outstanding,1,64B65VZ,2026-01-02,2026-01-02,79.36,81.86,2.5,3.2,11.86,11.86,0.0,0.0,2.5,0,2.5
113-2481193-9791440,outstanding,1,64B65VV,2026-01-02,2026-01-02,183.8,186.3,2.5,1.4,11.86,11.86,0.0,0.0,2.5,0,2.5
111-2424986-1436213,outstanding,1,97BYQ75,2026-01-06,2026-01-06,19.26,21.76,2.5,13.0,11.86,11.86,0.0,0.0,2.5,0,2.5
111-7972207-4654659,outstanding,1,98B7SCC,2026-01-05,2026-01-05,9.79,12.29,2.5,25.5,11.86,11.86,0.0,0.0,2.5,0,2.5
114-0806662-9149011,outstanding,1,97BYQ7T,2026-01-06,2026-01-06,19.26,21.76,2.5,13.0,11.86,11.86,0.0,0.0,2.5,0,2.5
112-6623791-5894651,outstanding,1,68CGTYC,2026-01-05,2026-01-05,402.0,404.5,2.5,0.6,19.48,19.48,0.0,0.0,2.5,0,2.5
112-2126905-2890618,outstanding,1,BKVBYSX,2026-01-02,2026-01-02,4.04,6.54,2.5,61.9,11.86,11.86,0.0,0.0,2.5,0,2.5
113-2898502-4012213,outstanding,1,11KVYLH,2026-01-02,2026-01-02,447.65,450.15,2.5,0.6,117.61,117.61,0.0,0.0,2.5,0,2.5
111-5414336-6432258,outstanding,1,BKVB7Z4,2026-01-02,2026-01-02,43.41,45.91,2.5,5.8,11.86,11.86,0.0,0.0,2.5,0,2.5
114-7720042-5712264,outstanding,1,82CRFBR,2026-01-05,2026-01-05,79.36,81.86,2.5,3.2,11.86,11.86,0.0,0.0,2.5,0,2.5
112-6220628-8291469,outstanding,1,68CGT3G,2026-01-05,2026-01-05,8.55,11.05,2.5,29.2,11.86,11.86,0.0,0.0,2.5,0,2.5
111-5744419-4213028,outstanding,1,77BQ5ZV,2026-01-05,2026-01-05,28.32,30.82,2.5,8.8,11.86,11.86,0.0,0.0,2.5,0,2.5
112-6392001-7117834,outstanding,1,BKVC9R7,2026-01-02,2026-01-02,41.94,44.44,2.5,6.0,11.88,11.86,-0.02,-0.2,2.48,0,2.48
113-8191223-5740210,outstanding,1,BKVDNBH,2026-01-05,2026-01-05,27.96,30.46,2.5,8.9,11.88,11.86,-0.02,-0.2,2.48,0,2.48
112-8720824-8149869,outstanding,1,BKVC9JL,2026-01-02,2026-01-02,27.96,30.46,2.5,8.9,11.88,11.86,-0.02,-0.2,2.48,0,2.48
111-8122726-1951432,outstanding,1,BKVC9RD,2026-01-02,2026-01-02,27.96,30.46,2.5,8.9,11.88,11.86,-0.02,-0.2,2.48,0,2.48
111-2602120-5641040,outstanding,1,74CKZ3W,2026-01-12,2026-01-12,37.26,39.76,2.5,6.7,11.88,11.86,-0.02,-0.2,2.48,0,2.48
112-3478636-3118630,outstanding,1,73BXJFC,2026-01-02,2026-01-02,74.52,77.02,2.5,3.4,11.88,11.86,-0.02,-0.2,2.48,0,2.48
112-8875363-7835426,outstanding,1,20JZ2FF,2026-01-06,2026-01-06,91.2,93.7,2.5,2.7,11.9,11.86,-0.04,-0.3,2.46,0,2.46
112-7537737-3953800,outstanding,3,98B72JN 98B72JP 98B72JQ,2026-01-13,2026-01-13,439.67,439.67,0.0,0.0,79.49,81.88,2.39,3.0,2.39,0,2.39
111-1325895-9377000,outstanding,1,51ZVRTT,2026-08-06,2026-08-06,2.38,4.76,2.38,100.0,8.4,8.4,0.0,0.0,2.38,0,2.38
112-3888897-6609052,outstanding,1,74CKWTL,2026-01-05,2026-01-05,99.36,101.86,2.5,2.5,12.0,11.86,-0.14,-1.2,2.36,0,2.36
112-0449747-1107460,outstanding,1,76BXVRY,2026-01-09,2026-01-09,109.44,111.94,2.5,2.3,12.0,11.86,-0.14,-1.2,2.36,0,2.36
112-0204642-9539433,outstanding,1,51ZWDTL,2026-09-04,2026-09-04,1.17,3.51,2.34,200.0,8.4,8.4,0.0,0.0,2.34,0,2.34
112-9224216-9641035,outstanding,1,51ZVH9L,2026-07-29,2026-07-29,2.31,4.62,2.31,100.0,8.4,8.4,0.0,0.0,2.31,0,2.31
112-5441397-0809037,outstanding,1,82CTLJZ,2026-05-11,2026-05-11,20.41,20.41,0.0,0.0,8.4,10.67,2.27,27.0,2.27,0,2.27
113-6425071-8793829,outstanding,1,BKVC9P3,2026-01-02,2026-01-02,55.92,58.42,2.5,4.5,15.84,15.39,-0.45,-2.8,2.05,0,2.05
113-3730523-8701027,outstanding,1,BKVC9P4,2026-01-02,2026-01-02,55.92,58.42,2.5,4.5,15.84,15.39,-0.45,-2.8,2.05,0,2.05
111-1835650-2499469,outstanding,1,BKWV25S,2026-01-29,2026-01-29,109.95,109.95,0.0,0.0,15.03,17.07,2.04,13.6,2.04,0,2.04
111-2839802-9325064,outstanding,1,BK68N8Y,2026-09-03,2026-09-03,1308.84,1308.84,0.0,0.0,63.98,65.93,1.95,3.0,1.95,0,1.95
111-9389384-3303447,outstanding,1,BKVC9P5,2026-01-02,2026-01-02,83.88,86.38,2.5,3.0,23.76,23.09,-0.67,-2.8,1.83,0,1.83
111-3661706-1857828,outstanding,4,21W4THQ 47ZCZHF 63CTZV4 BK2QV2C,2026-04-22,2026-04-23,18.36,18.36,0.0,0.0,33.66,35.2,1.54,4.6,1.54,0,1.54
112-9437331-7142647,outstanding,1,68CGTZW,2026-01-05,2026-01-05,56.14,58.64,2.5,4.5,12.84,11.86,-0.98,-7.6,1.52,0,1.52
112-4917609-7575455,outstanding,1,68CGT2G,2026-01-05,2026-01-05,56.14,58.64,2.5,4.5,12.84,11.86,-0.98,-7.6,1.52,0,1.52
47QDCC26M4USX,outstanding,1,07B5YPD,2026-03-20,2026-03-20,126.0,126.0,0.0,0.0,10.8,12.1,1.3,12.0,1.3,0,1.3
